nom;edat;correu;mobil;ciutat;pais
Akeem Marks;12;molestie@orciUtsagittis.co.uk;610 365 387;Vremde;French Guiana
Kim Hayes;12;a.auctor@elit.edu;633 647 989;Salzburg;Germany
Fatima Foley;15;Mauris.magna@eu.net;604 171 429;Nancy;Equatorial Guinea
Stacy Todd;12;quam@convallis.co.uk;684 963 087;Castiglione del Lago;Barbados
Phyllis Vaughan;12;nisi.sem.semper@loremluctusut.net;625 483 267;Aachen;Guinea
Anne Garrett;18;mollis.Duis@Etiam.org;684 240 781;Pembroke;Georgia
Halee Gross;16;consequat.dolor.vitae@condimentum.ca;639 232 164;Burntisland;Western Sahara
Nell Lambert;15;euismod@sodaleseliterat.org;614 047 675;North Bay;Sao Tome and Principe
Winifred Michael;14;neque.Nullam@ornaretortorat.ca;673 728 528;Smoky Lake;United Kingdom (Great Britain)
Brandon Mays;18;penatibus.et@lobortisClass.org;646 435 187;Siedlce;Honduras
Reese Reed;16;tempor.augue@arcuet.net;659 204 701;Quinte West;Virgin Islands, British
Pandora Jensen;13;purus@vitae.ca;685 745 381;Kolmont;Curaçao
Rooney Benjamin;12;amet.massa.Quisque@nequeIn.ca;671 788 076;Dolgellau;Venezuela
Brendan Cabrera;14;Cras.dictum.ultricies@condimentumDonecat.co.uk;649 187 366;Baden;Sierra Leone
Lamar Jennings;13;neque.non@dictumultricies.edu;630 438 653;Donstiennes;Myanmar
Chastity Buck;17;libero@lobortis.org;604 376 752;Peterhead;Iran
Fiona Lynch;18;enim.mi@ultriciesadipiscingenim.com;697 216 791;Rutland;Macao
Sade Rogers;15;Phasellus.dapibus.quam@Craspellentesque.edu;667 302 381;Gdańsk;Brazil
Rudyard Paul;16;auctor.velit@Donec.edu;638 150 006;Nässjö;France
Casey Decker;14;Ut@natoque.org;602 764 559;Juazeiro;Kenya
Kasimir Lambert;15;eget@fermentumconvallisligula.co.uk;661 891 919;Aguacaliente (San Francisco);Mozambique
Simone Miranda;17;tincidunt.tempus@Nam.org;655 036 037;Norman Wells;Åland Islands
Alden Molina;18;laoreet@lobortis.org;689 370 734;Armstrong;Nigeria
Paloma Mercado;13;lacinia@tristique.ca;699 114 166;Saint-Pierre;Cambodia
Mira Copeland;15;elementum.dui.quis@semper.com;667 231 618;Jaranwala;Iran
Marah Whitley;15;consectetuer@Nullam.co.uk;605 593 585;North Bay;Mali
Jamal Benton;12;lectus.pede.ultrices@mollisInteger.edu;638 537 374;Palagano;Italy
Xandra Randall;12;lobortis.mauris@nasceturridiculusmus.edu;648 025 810;Warwick;Comoros
Walker Hunt;18;Morbi.non.sapien@Quisque.org;697 125 498;Pontevedra;Australia
Idola Forbes;13;ac.facilisis@diam.org;632 455 897;Castlegar;Nepal
Blaze Harrell;12;rutrum@enimSed.co.uk;666 497 565;Marneffe;Norway
Halee Battle;11;a@elitfermentum.edu;643 798 079;Moulins;Grenada
Willow Clements;18;magna@consectetuer.com;684 226 852;Quinchao;Greenland
Cassandra Berg;18;ullamcorper.nisl.arcu@miAliquamgravida.ca;604 673 643;Osasco;Macao
Karly Mccoy;18;Nulla.aliquet.Proin@ettristiquepellentesque.net;666 492 874;Coaldale;New Zealand
Adena Jacobs;12;In.scelerisque@convallisante.ca;665 098 998;Paiguano;Uganda
Cameran Fisher;17;accumsan.neque.et@musProin.org;640 674 507;Lac-Serent;Kyrgyzstan
Herrod Knight;11;ipsum.dolor.sit@Quisque.edu;660 769 160;Montbéliard;Gambia
Alvin Obrien;13;magna.sed@Loremipsum.org;659 983 910;Atlanta;Turkmenistan
Cheyenne Bernard;13;imperdiet@vestibulum.org;660 884 853;Montpellier;France
Mona Camacho;14;nibh.Quisque@lacusvarius.co.uk;622 289 363;Spaniard's Bay;Taiwan
Jerome Pitts;11;dictum@vitaepurus.edu;613 699 792;Torquay;Viet Nam
Marny Hopkins;18;Cras.eget@tellus.net;659 847 642;Penna in Teverina;Monaco
Ivor Robertson;17;sed@ut.edu;630 866 011;Bad Nauheim;Ireland
Kermit Mendez;16;dictum.Proin.eget@duilectusrutrum.co.uk;607 788 187;Ottawa-Carleton;Denmark
Melodie Camacho;11;Phasellus.ornare.Fusce@arcuVestibulumante.co.uk;642 109 959;Perinaldo;Wallis and Futuna
Len Moran;12;id@Namconsequatdolor.co.uk;652 145 618;Drumheller;Burkina Faso
Isadora Mcintosh;14;euismod.mauris.eu@quam.com;607 661 952;Casper;Kazakhstan
Indira Morales;15;velit.justo.nec@arcuMorbisit.co.uk;629 907 819;Olathe;Mali
Skyler Norman;14;Praesent.eu@Cumsociisnatoque.edu;682 135 007;Cambridge Bay;Falkland Islands
Wade Banks;13;varius.et.euismod@nonmassanon.org;651 540 902;Signeulx;Jamaica
Lysandra Middleton;13;Vivamus@malesuadafringilla.co.uk;652 339 747;Deschambault;San Marino
Eric Faulkner;15;enim.nec.tempus@vitaedolorDonec.ca;626 287 449;Houston;Uganda
Kylie Reynolds;13;sagittis@pellentesque.net;639 238 466;Mata de Plátano;Guatemala
Lillith Faulkner;11;eget.massa.Suspendisse@eu.com;661 459 358;Gontrode;Somalia
Ann Sparks;16;vitae.sodales.nisi@aliquet.org;613 533 955;Cañas;French Guiana
Naomi Drake;16;Mauris@lectusrutrumurna.com;649 916 890;Wyoming;Norfolk Island
Shelley Ball;15;lobortis.quis@infelis.ca;679 281 258;Berhampore;Zambia
Melissa Albert;15;est@vestibulum.edu;692 641 290;Poggio San Marcello;United States Minor Outlying Islands
Blaze Sosa;14;purus@erat.com;602 767 563;Castelbuono;Switzerland
Ramona Humphrey;18;pede.Praesent@nuncsedpede.com;663 016 869;Jhang;Sierra Leone
Lev Atkinson;16;sem.ut@elitEtiamlaoreet.co.uk;688 583 874;O'Higgins;Virgin Islands, United States
Axel Rasmussen;18;lorem@sodalesMauris.com;639 678 595;Olcenengo;Saint Vincent and The Grenadines
Leigh Arnold;16;Donec.egestas@malesuadaIntegerid.com;694 698 977;Burns Lake;Saint Helena, Ascension and Tristan da Cunha
Travis Morin;17;egestas.ligula.Nullam@Morbisitamet.ca;654 071 088;Dieppe;Australia
Calvin Parrish;11;semper.pretium.neque@NullamenimSed.edu;627 986 016;Bilbo;Gibraltar
Hayden Smith;15;Nam@Sed.com;649 537 947;Tuscaloosa;China
Allegra Joyner;14;mauris.eu@vitaealiquam.ca;676 473 090;Gillette;Cayman Islands
Kendall Morse;15;Suspendisse.sed@Donectempus.com;677 282 539;Cartago;Cambodia
Fuller Gibbs;13;et@nequeMorbiquis.co.uk;648 184 723;Notre-Dame-du-Nord;Singapore
Jacob Dyer;18;arcu.ac@Curae.com;677 650 672;Mission;Curaçao
Christine Zimmerman;17;felis.purus.ac@luctus.co.uk;620 440 725;Verrebroek;United States
Ignatius Bridges;17;molestie@rhoncusNullam.com;669 154 329;Lörrach;Georgia
Beck Pate;12;Sed.molestie@mauris.net;692 232 255;Weiterstadt;Ghana
Anastasia Berry;11;dolor.dapibus@aliquetProin.edu;670 668 618;Borgomaro;Malta
Plato Gomez;11;Aliquam.nisl.Nulla@nequeNullamut.co.uk;629 693 488;Gadag Betigeri;South Georgia and The South Sandwich Islands
Kelsey Pickett;17;lorem.semper.auctor@lectusCumsociis.com;628 481 428;San Martino in Pensilis;South Georgia and The South Sandwich Islands
Miriam Ramirez;14;nisl.sem@non.co.uk;645 947 117;Ranchi;Bahrain
Nero Mcknight;16;sodales.at.velit@necante.org;622 406 195;Lier;Seychelles
Winifred Poole;13;sollicitudin.adipiscing.ligula@metusIn.com;687 385 798;Devon;Congo, the Democratic Republic of the
Joel Merrill;18;vestibulum.Mauris.magna@pede.net;634 817 984;Cuxhaven;Maldives
Yeo Chavez;17;egestas.Aliquam@orcisemeget.co.uk;677 430 404;Esterzili;Iceland
Jin Wong;15;eget.ipsum@mauris.org;669 871 874;Forgaria nel Friuli;Denmark
Eleanor Sawyer;15;dolor.Fusce.mi@fermentumarcuVestibulum.net;669 047 791;Scarborough;Mauritania
Pearl Herrera;17;velit.egestas@elementumlorem.edu;655 722 953;Elingen;Falkland Islands
Lacota Benton;15;ornare@Proin.com;689 915 661;Eksaarde;Portugal
Keefe Williams;15;tempor.lorem@Proinnisl.com;699 573 226;San Javier;Serbia
Sydney Potts;16;enim@magnis.ca;687 978 574;Itegem;Myanmar
Tyler Trujillo;16;vulputate@ettristique.org;652 848 824;Constitución;Slovakia
Xyla Woods;18;metus.eu@mollisnon.co.uk;603 720 477;Oberursel;French Southern Territories
Ina Sandoval;18;dictum@Sedeget.org;689 232 344;Rigolet;Colombia
Melvin Serrano;11;iaculis@estarcu.ca;618 162 613;Langley;El Salvador
Melinda Pierce;17;tincidunt.neque@auctornuncnulla.co.uk;659 559 296;Fort McPherson;Yemen
Aretha Pollard;15;varius.et@sapien.com;664 159 485;Montefiore dell'Aso;Brazil
Abraham Bartlett;15;tellus.Suspendisse.sed@atarcu.ca;686 171 265;Toruń;Iraq
Shaeleigh Bond;14;non.vestibulum.nec@ipsum.edu;664 971 025;Robelmont;Cook Islands
Erasmus Perry;14;purus.sapien.gravida@pedeCrasvulputate.co.uk;616 998 353;Galway;Dominican Republic
Brynn Casey;13;iaculis.lacus.pede@risus.ca;653 844 953;Blankenberge;India
Oliver Gibson;16;magna.Cras@scelerisqueneque.org;656 554 241;Eksaarde;Guinea
Keefe Petty;12;tincidunt@mattisIntegereu.edu;650 898 809;Gougnies;French Polynesia